[{"model": "admin.logentry", "pk": 1, "fields": {"action_time": "2023-08-18T14:13:54.794Z", "user": 1, "content_type": 10, "object_id": "1", "object_repr": "Auditing Financial Statements of Companies.", "action_flag": 1, "change_message": "[{\"added\": {}}]"}}, {"model": "admin.logentry", "pk": 2, "fields": {"action_time": "2023-08-18T14:14:07.662Z", "user": 1, "content_type": 10, "object_id": "2", "object_repr": "Computation of Company Income Tax, Education Tax, and VAT.", "action_flag": 1, "change_message": "[{\"added\": {}}]"}}, {"model": "admin.logentry", "pk": 3, "fields": {"action_time": "2023-08-18T14:14:25.086Z", "user": 1, "content_type": 10, "object_id": "3", "object_repr": "Registering of Companies with CAC.", "action_flag": 1, "change_message": "[{\"added\": {}}]"}}, {"model": "admin.logentry", "pk": 4, "fields": {"action_time": "2023-08-18T14:14:37.605Z", "user": 1, "content_type": 10, "object_id": "4", "object_repr": "Communicated audit results to upper Management through written reports and oral presentations.", "action_flag": 1, "change_message": "[{\"added\": {}}]"}}, {"model": "admin.logentry", "pk": 5, "fields": {"action_time": "2023-08-18T14:14:57.589Z", "user": 1, "content_type": 10, "object_id": "5", "object_repr": "Perform other duties as assigned by the Managing Partner.", "action_flag": 1, "change_message": "[{\"added\": {}}]"}}, {"model": "admin.logentry", "pk": 6, "fields": {"action_time": "2023-08-18T14:14:59.728Z", "user": 1, "content_type": 10, "object_id": "6", "object_repr": "Perform other duties as assigned by the Managing Partner.", "action_flag": 1, "change_message": "[{\"added\": {}}]"}}, {"model": "admin.logentry", "pk": 7, "fields": {"action_time": "2023-08-18T14:15:22.572Z", "user": 1, "content_type": 10, "object_id": "6", "object_repr": "Perform other duties as assigned by the Managing Partner.", "action_flag": 3, "change_message": ""}}, {"model": "admin.logentry", "pk": 8, "fields": {"action_time": "2023-08-18T14:37:56.851Z", "user": 1, "content_type": 16, "object_id": "1", "object_repr": "AUDIT TRAINEE", "action_flag": 1, "change_message": "[{\"added\": {}}]"}}, {"model": "admin.logentry", "pk": 9, "fields": {"action_time": "2023-08-18T14:40:27.981Z", "user": 1, "content_type": 10, "object_id": "7", "object_repr": "Prepared Financial Reports of the Company.", "action_flag": 1, "change_message": "[{\"added\": {}}]"}}, {"model": "admin.logentry", "pk": 10, "fields": {"action_time": "2023-08-18T14:41:08.260Z", "user": 1, "content_type": 10, "object_id": "8", "object_repr": "Reconciliation of Accounts.", "action_flag": 1, "change_message": "[{\"added\": {}}]"}}, {"model": "admin.logentry", "pk": 11, "fields": {"action_time": "2023-08-18T14:41:16.312Z", "user": 1, "content_type": 10, "object_id": "9", "object_repr": "Monitoring the Operation Activities of the Company.", "action_flag": 1, "change_message": "[{\"added\": {}}]"}}, {"model": "admin.logentry", "pk": 12, "fields": {"action_time": "2023-08-18T14:41:24.794Z", "user": 1, "content_type": 10, "object_id": "10", "object_repr": "Analyzing and reviewing cost reports and communicating the final results to the management.", "action_flag": 1, "change_message": "[{\"added\": {}}]"}}, {"model": "admin.logentry", "pk": 13, "fields": {"action_time": "2023-08-18T14:41:32.392Z", "user": 1, "content_type": 10, "object_id": "11", "object_repr": "Create periodic reports comparing budgeted costs to actual costs.", "action_flag": 1, "change_message": "[{\"added\": {}}]"}}, {"model": "admin.logentry", "pk": 14, "fields": {"action_time": "2023-08-18T14:41:43.843Z", "user": 1, "content_type": 10, "object_id": "12", "object_repr": "Maintain the integrity of the general ledger, including the account chart.", "action_flag": 1, "change_message": "[{\"added\": {}}]"}}, {"model": "admin.logentry", "pk": 15, "fields": {"action_time": "2023-08-18T14:41:55.609Z", "user": 1, "content_type": 10, "object_id": "13", "object_repr": "Performs other duties as assigned by the Managing Director.", "action_flag": 1, "change_message": "[{\"added\": {}}]"}}, {"model": "admin.logentry", "pk": 16, "fields": {"action_time": "2023-08-18T14:43:27.424Z", "user": 1, "content_type": 16, "object_id": "2", "object_repr": "SENIOR ACCOUNT OFFICER", "action_flag": 1, "change_message": "[{\"added\": {}}]"}}, {"model": "admin.logentry", "pk": 17, "fields": {"action_time": "2023-08-18T14:44:51.598Z", "user": 1, "content_type": 10, "object_id": "14", "object_repr": "Prepared Financial Reports for the Company.", "action_flag": 1, "change_message": "[{\"added\": {}}]"}}, {"model": "admin.logentry", "pk": 18, "fields": {"action_time": "2023-08-18T14:44:59.738Z", "user": 1, "content_type": 10, "object_id": "15", "object_repr": "Analyze cost reports and communicate the results to the management.", "action_flag": 1, "change_message": "[{\"added\": {}}]"}}, {"model": "admin.logentry", "pk": 19, "fields": {"action_time": "2023-08-18T14:45:06.653Z", "user": 1, "content_type": 10, "object_id": "16", "object_repr": "Monitor the Operation Activities of the Company.", "action_flag": 1, "change_message": "[{\"added\": {}}]"}}, {"model": "admin.logentry", "pk": 20, "fields": {"action_time": "2023-08-18T14:45:13.504Z", "user": 1, "content_type": 10, "object_id": "17", "object_repr": "Prepared weekly, monthly, and yearly budgets alongside the management team.", "action_flag": 1, "change_message": "[{\"added\": {}}]"}}, {"model": "admin.logentry", "pk": 21, "fields": {"action_time": "2023-08-18T14:45:20.918Z", "user": 1, "content_type": 10, "object_id": "18", "object_repr": "Bank reconciliation (daily).", "action_flag": 1, "change_message": "[{\"added\": {}}]"}}, {"model": "admin.logentry", "pk": 22, "fields": {"action_time": "2023-08-18T14:45:27.902Z", "user": 1, "content_type": 10, "object_id": "19", "object_repr": "Debt Management and recovery.", "action_flag": 1, "change_message": "[{\"added\": {}}]"}}, {"model": "admin.logentry", "pk": 23, "fields": {"action_time": "2023-08-18T14:45:35.137Z", "user": 1, "content_type": 10, "object_id": "20", "object_repr": "Disbursement of cash for goods purchase.", "action_flag": 1, "change_message": "[{\"added\": {}}]"}}, {"model": "admin.logentry", "pk": 24, "fields": {"action_time": "2023-08-18T14:45:47.883Z", "user": 1, "content_type": 10, "object_id": "21", "object_repr": "Bookkeeping.", "action_flag": 1, "change_message": "[{\"added\": {}}]"}}, {"model": "admin.logentry", "pk": 25, "fields": {"action_time": "2023-08-18T14:46:02.229Z", "user": 1, "content_type": 10, "object_id": "22", "object_repr": "Bookkeeping.", "action_flag": 1, "change_message": "[{\"added\": {}}]"}}, {"model": "admin.logentry", "pk": 26, "fields": {"action_time": "2023-08-18T14:46:15.411Z", "user": 1, "content_type": 10, "object_id": "23", "object_repr": "In-charge of price analysis and review.", "action_flag": 1, "change_message": "[{\"added\": {}}]"}}, {"model": "admin.logentry", "pk": 27, "fields": {"action_time": "2023-08-18T14:46:30.704Z", "user": 1, "content_type": 10, "object_id": "24", "object_repr": "Created weekly, monthly, and yearly reports comparing budgeted costs to actual costs.", "action_flag": 1, "change_message": "[{\"added\": {}}]"}}, {"model": "admin.logentry", "pk": 28, "fields": {"action_time": "2023-08-18T14:46:39.880Z", "user": 1, "content_type": 10, "object_id": "25", "object_repr": "Periodic stock taking with the storekeeper.", "action_flag": 1, "change_message": "[{\"added\": {}}]"}}, {"model": "admin.logentry", "pk": 29, "fields": {"action_time": "2023-08-18T14:46:50.310Z", "user": 1, "content_type": 10, "object_id": "26", "object_repr": "Filed VAT and PAYE with FIRS and FCT IRS respectively.", "action_flag": 1, "change_message": "[{\"added\": {}}]"}}, {"model": "admin.logentry", "pk": 30, "fields": {"action_time": "2023-08-18T14:46:58.662Z", "user": 1, "content_type": 10, "object_id": "27", "object_repr": "Advised management based on reports (expenditures, sales etc) on strategies and decision-making in every meeting.", "action_flag": 1, "change_message": "[{\"added\": {}}]"}}, {"model": "admin.logentry", "pk": 31, "fields": {"action_time": "2023-08-18T14:47:05.686Z", "user": 1, "content_type": 10, "object_id": "28", "object_repr": "Performs other duties as assigned by the Managing Director.", "action_flag": 1, "change_message": "[{\"added\": {}}]"}}, {"model": "admin.logentry", "pk": 32, "fields": {"action_time": "2023-08-18T14:47:31.262Z", "user": 1, "content_type": 10, "object_id": "22", "object_repr": "Bookkeeping.", "action_flag": 3, "change_message": ""}}, {"model": "admin.logentry", "pk": 33, "fields": {"action_time": "2023-08-18T14:49:31.303Z", "user": 1, "content_type": 16, "object_id": "3", "object_repr": "ACCOUNT AND FINANCE MANAGER", "action_flag": 1, "change_message": "[{\"added\": {}}]"}}, {"model": "admin.logentry", "pk": 34, "fields": {"action_time": "2023-08-18T14:49:55.013Z", "user": 1, "content_type": 10, "object_id": "29", "object_repr": "Prepare Financial Reports for the group with the team.", "action_flag": 1, "change_message": "[{\"added\": {}}]"}}, {"model": "admin.logentry", "pk": 35, "fields": {"action_time": "2023-08-18T14:50:02.206Z", "user": 1, "content_type": 10, "object_id": "30", "object_repr": "Member of the debt management team.", "action_flag": 1, "change_message": "[{\"added\": {}}]"}}, {"model": "admin.logentry", "pk": 36, "fields": {"action_time": "2023-08-18T14:50:09.110Z", "user": 1, "content_type": 10, "object_id": "31", "object_repr": "Monitor the Operation Activities of the Company.", "action_flag": 1, "change_message": "[{\"added\": {}}]"}}, {"model": "admin.logentry", "pk": 37, "fields": {"action_time": "2023-08-18T14:50:19.249Z", "user": 1, "content_type": 10, "object_id": "32", "object_repr": "Daily sales monitor of all retail and wholesale  outlets.", "action_flag": 1, "change_message": "[{\"added\": {}}]"}}, {"model": "admin.logentry", "pk": 38, "fields": {"action_time": "2023-08-18T14:50:26.100Z", "user": 1, "content_type": 10, "object_id": "33", "object_repr": "Bank reconciliations (daily, monthly and quarterly)", "action_flag": 1, "change_message": "[{\"added\": {}}]"}}, {"model": "admin.logentry", "pk": 39, "fields": {"action_time": "2023-08-18T14:50:35.331Z", "user": 1, "content_type": 10, "object_id": "34", "object_repr": "Expenditures tracking and monitoring for all outlets..", "action_flag": 1, "change_message": "[{\"added\": {}}]"}}, {"model": "admin.logentry", "pk": 40, "fields": {"action_time": "2023-08-18T14:50:45.003Z", "user": 1, "content_type": 10, "object_id": "35", "object_repr": "Performs other duties as assigned by the Team head or Managing Director.", "action_flag": 1, "change_message": "[{\"added\": {}}]"}}, {"model": "admin.logentry", "pk": 41, "fields": {"action_time": "2023-08-18T14:52:13.158Z", "user": 1, "content_type": 16, "object_id": "4", "object_repr": "SENIOR ACCOUNT OFFICER", "action_flag": 1, "change_message": "[{\"added\": {}}]"}}, {"model": "admin.logentry", "pk": 42, "fields": {"action_time": "2023-08-18T15:01:52.096Z", "user": 1, "content_type": 10, "object_id": "36", "object_repr": "Analyze data for clients using SPSS.", "action_flag": 1, "change_message": "[{\"added\": {}}]"}}, {"model": "admin.logentry", "pk": 43, "fields": {"action_time": "2023-08-18T15:02:08.142Z", "user": 1, "content_type": 10, "object_id": "37", "object_repr": "Worked on a few personal projects using SPSS", "action_flag": 1, "change_message": "[{\"added\": {}}]"}}, {"model": "admin.logentry", "pk": 44, "fields": {"action_time": "2023-08-18T15:02:51.857Z", "user": 1, "content_type": 10, "object_id": "38", "object_repr": "Data Entry.", "action_flag": 1, "change_message": "[{\"added\": {}}]"}}, {"model": "admin.logentry", "pk": 45, "fields": {"action_time": "2023-08-18T15:03:25.020Z", "user": 1, "content_type": 10, "object_id": "39", "object_repr": "Data Sorting.", "action_flag": 1, "change_message": "[{\"added\": {}}]"}}, {"model": "admin.logentry", "pk": 46, "fields": {"action_time": "2023-08-18T15:05:13.687Z", "user": 1, "content_type": 16, "object_id": "5", "object_repr": "DATA ANALYST", "action_flag": 1, "change_message": "[{\"added\": {}}]"}}, {"model": "admin.logentry", "pk": 47, "fields": {"action_time": "2023-08-18T15:06:47.162Z", "user": 1, "content_type": 10, "object_id": "36", "object_repr": "Analyze data for clients using SPSS and Microsoft Excel.", "action_flag": 2, "change_message": "[{\"changed\": {\"fields\": [\"Duty\"]}}]"}}, {"model": "admin.logentry", "pk": 48, "fields": {"action_time": "2023-08-18T15:07:06.334Z", "user": 1, "content_type": 10, "object_id": "37", "object_repr": "Worked on a few personal projects using SPSS and Microsoft Excel.", "action_flag": 2, "change_message": "[{\"changed\": {\"fields\": [\"Duty\"]}}]"}}, {"model": "admin.logentry", "pk": 49, "fields": {"action_time": "2023-08-18T15:09:04.303Z", "user": 1, "content_type": 10, "object_id": "40", "object_repr": "Maintained the company's software app and website.", "action_flag": 1, "change_message": "[{\"added\": {}}]"}}, {"model": "admin.logentry", "pk": 50, "fields": {"action_time": "2023-08-18T15:09:14.489Z", "user": 1, "content_type": 10, "object_id": "41", "object_repr": "Analyzed cost reports and communicate the results to the management.", "action_flag": 1, "change_message": "[{\"added\": {}}]"}}, {"model": "admin.logentry", "pk": 51, "fields": {"action_time": "2023-08-18T15:13:14.427Z", "user": 1, "content_type": 16, "object_id": "6", "object_repr": "WEB MAINTENANCE OFFICER", "action_flag": 1, "change_message": "[{\"added\": {}}]"}}, {"model": "admin.logentry", "pk": 52, "fields": {"action_time": "2023-08-18T15:14:12.031Z", "user": 1, "content_type": 10, "object_id": "42", "object_repr": "Developing websites using HTML, CSS, and Bootstraps.", "action_flag": 1, "change_message": "[{\"added\": {}}]"}}, {"model": "admin.logentry", "pk": 53, "fields": {"action_time": "2023-08-18T15:17:00.694Z", "user": 1, "content_type": 10, "object_id": "42", "object_repr": "Web design using HTML, CSS, Bootstraps.", "action_flag": 2, "change_message": "[{\"changed\": {\"fields\": [\"Duty\"]}}]"}}, {"model": "admin.logentry", "pk": 54, "fields": {"action_time": "2023-08-18T15:17:46.760Z", "user": 1, "content_type": 10, "object_id": "43", "object_repr": "Developing websites using python and django.", "action_flag": 1, "change_message": "[{\"added\": {}}]"}}, {"model": "admin.logentry", "pk": 55, "fields": {"action_time": "2023-08-18T15:18:05.681Z", "user": 1, "content_type": 10, "object_id": "44", "object_repr": "Worked on a few personal projects.", "action_flag": 1, "change_message": "[{\"added\": {}}]"}}, {"model": "admin.logentry", "pk": 56, "fields": {"action_time": "2023-08-18T15:20:13.657Z", "user": 1, "content_type": 16, "object_id": "7", "object_repr": "WEB DEVELOPER AND DESIGNER", "action_flag": 1, "change_message": "[{\"added\": {}}]"}}, {"model": "admin.logentry", "pk": 57, "fields": {"action_time": "2023-08-18T15:21:28.107Z", "user": 1, "content_type": 16, "object_id": "6", "object_repr": "WEB MAINTENANCE OFFICER", "action_flag": 2, "change_message": "[{\"changed\": {\"fields\": [\"Start date\", \"Responsibility\"]}}]"}}, {"model": "admin.logentry", "pk": 58, "fields": {"action_time": "2023-08-18T15:24:58.030Z", "user": 1, "content_type": 10, "object_id": "45", "object_repr": "Frontend developing tutor (HTML, CSS, and Bootstraps).", "action_flag": 1, "change_message": "[{\"added\": {}}]"}}, {"model": "admin.logentry", "pk": 59, "fields": {"action_time": "2023-08-18T15:25:28.809Z", "user": 1, "content_type": 10, "object_id": "42", "object_repr": "Frontend development using HTML, CSS, Bootstraps.", "action_flag": 2, "change_message": "[{\"changed\": {\"fields\": [\"Duty\"]}}]"}}, {"model": "admin.logentry", "pk": 60, "fields": {"action_time": "2023-08-18T15:27:12.253Z", "user": 1, "content_type": 10, "object_id": "46", "object_repr": "Backend development tutor (python and django).", "action_flag": 1, "change_message": "[{\"added\": {}}]"}}, {"model": "admin.logentry", "pk": 61, "fields": {"action_time": "2023-08-18T15:27:45.432Z", "user": 1, "content_type": 10, "object_id": "47", "object_repr": "Microsoft office tutor.", "action_flag": 1, "change_message": "[{\"added\": {}}]"}}, {"model": "admin.logentry", "pk": 62, "fields": {"action_time": "2023-08-18T15:28:04.932Z", "user": 1, "content_type": 10, "object_id": "48", "object_repr": "Google suite tutor.", "action_flag": 1, "change_message": "[{\"added\": {}}]"}}, {"model": "admin.logentry", "pk": 63, "fields": {"action_time": "2023-08-18T15:29:40.804Z", "user": 1, "content_type": 16, "object_id": "7", "object_repr": "WEB DEVELOPER", "action_flag": 2, "change_message": "[{\"changed\": {\"fields\": [\"Designation\"]}}]"}}, {"model": "admin.logentry", "pk": 64, "fields": {"action_time": "2023-08-18T15:30:30.919Z", "user": 1, "content_type": 10, "object_id": "45", "object_repr": "Frontend web development tutor (HTML, CSS, and Bootstraps).", "action_flag": 2, "change_message": "[{\"changed\": {\"fields\": [\"Duty\"]}}]"}}, {"model": "admin.logentry", "pk": 65, "fields": {"action_time": "2023-08-18T15:32:00.668Z", "user": 1, "content_type": 10, "object_id": "43", "object_repr": "Backend web development websites using python and django.", "action_flag": 2, "change_message": "[{\"changed\": {\"fields\": [\"Duty\"]}}]"}}, {"model": "admin.logentry", "pk": 66, "fields": {"action_time": "2023-08-18T15:33:02.179Z", "user": 1, "content_type": 10, "object_id": "43", "object_repr": "Backend web development using python and django.", "action_flag": 2, "change_message": "[{\"changed\": {\"fields\": [\"Duty\"]}}]"}}, {"model": "admin.logentry", "pk": 67, "fields": {"action_time": "2023-08-18T15:33:33.488Z", "user": 1, "content_type": 10, "object_id": "42", "object_repr": "Frontend web development using HTML, CSS, Bootstraps.", "action_flag": 2, "change_message": "[{\"changed\": {\"fields\": [\"Duty\"]}}]"}}, {"model": "admin.logentry", "pk": 68, "fields": {"action_time": "2023-08-18T15:34:02.610Z", "user": 1, "content_type": 10, "object_id": "46", "object_repr": "Backend web development tutor (python and django).", "action_flag": 2, "change_message": "[{\"changed\": {\"fields\": [\"Duty\"]}}]"}}, {"model": "admin.logentry", "pk": 69, "fields": {"action_time": "2023-08-18T15:36:05.596Z", "user": 1, "content_type": 16, "object_id": "8", "object_repr": "TUTOR", "action_flag": 1, "change_message": "[{\"added\": {}}]"}}, {"model": "admin.logentry", "pk": 70, "fields": {"action_time": "2023-08-18T15:37:53.567Z", "user": 1, "content_type": 16, "object_id": "6", "object_repr": "MAINTENANCE OFFICER", "action_flag": 2, "change_message": "[{\"changed\": {\"fields\": [\"Designation\"]}}]"}}, {"model": "admin.logentry", "pk": 71, "fields": {"action_time": "2023-08-18T15:41:20.934Z", "user": 1, "content_type": 9, "object_id": "1", "object_repr": "NATIONAL DIPLOMA IN ACCOUNTING", "action_flag": 1, "change_message": "[{\"added\": {}}]"}}, {"model": "admin.logentry", "pk": 72, "fields": {"action_time": "2023-08-18T15:42:52.928Z", "user": 1, "content_type": 9, "object_id": "2", "object_repr": "HIGHER NATIONAL DIPLOMA IN ACCOUNTING", "action_flag": 1, "change_message": "[{\"added\": {}}]"}}, {"model": "admin.logentry", "pk": 73, "fields": {"action_time": "2023-08-18T15:46:46.365Z", "user": 1, "content_type": 9, "object_id": "3", "object_repr": "HIGHER NATIONAL DIPLOMA IN ACCOUNTING", "action_flag": 1, "change_message": "[{\"added\": {}}]"}}, {"model": "admin.logentry", "pk": 74, "fields": {"action_time": "2023-08-18T15:47:02.855Z", "user": 1, "content_type": 9, "object_id": "3", "object_repr": "HIGHER NATIONAL DIPLOMA IN ACCOUNTING", "action_flag": 3, "change_message": ""}}, {"model": "admin.logentry", "pk": 75, "fields": {"action_time": "2023-08-18T15:49:35.493Z", "user": 1, "content_type": 11, "object_id": "1", "object_repr": "Financial Analytics.", "action_flag": 1, "change_message": "[{\"added\": {}}]"}}, {"model": "admin.logentry", "pk": 76, "fields": {"action_time": "2023-08-18T15:54:21.197Z", "user": 1, "content_type": 11, "object_id": "2", "object_repr": "Accounting Knowledge and Expertise", "action_flag": 1, "change_message": "[{\"added\": {}}]"}}, {"model": "admin.logentry", "pk": 77, "fields": {"action_time": "2023-08-18T15:54:33.941Z", "user": 1, "content_type": 11, "object_id": "3", "object_repr": "Auditing and Assurance", "action_flag": 1, "change_message": "[{\"added\": {}}]"}}, {"model": "admin.logentry", "pk": 78, "fields": {"action_time": "2023-08-18T15:54:43.380Z", "user": 1, "content_type": 11, "object_id": "4", "object_repr": "Financial Management", "action_flag": 1, "change_message": "[{\"added\": {}}]"}}, {"model": "admin.logentry", "pk": 79, "fields": {"action_time": "2023-08-18T15:54:51.175Z", "user": 1, "content_type": 11, "object_id": "5", "object_repr": "Taxation", "action_flag": 1, "change_message": "[{\"added\": {}}]"}}, {"model": "admin.logentry", "pk": 80, "fields": {"action_time": "2023-08-18T15:55:05.212Z", "user": 1, "content_type": 11, "object_id": "6", "object_repr": "Business Ethics and Professionalism", "action_flag": 1, "change_message": "[{\"added\": {}}]"}}, {"model": "admin.logentry", "pk": 81, "fields": {"action_time": "2023-08-18T15:55:15.707Z", "user": 1, "content_type": 11, "object_id": "7", "object_repr": "Information Technology", "action_flag": 1, "change_message": "[{\"added\": {}}]"}}, {"model": "admin.logentry", "pk": 82, "fields": {"action_time": "2023-08-18T15:55:26.344Z", "user": 1, "content_type": 11, "object_id": "8", "object_repr": "Leadership and Management", "action_flag": 1, "change_message": "[{\"added\": {}}]"}}, {"model": "admin.logentry", "pk": 83, "fields": {"action_time": "2023-08-18T15:56:49.911Z", "user": 1, "content_type": 15, "object_id": "1", "object_repr": "ACA IN VIEW", "action_flag": 1, "change_message": "[{\"added\": {}}]"}}, {"model": "admin.logentry", "pk": 84, "fields": {"action_time": "2023-08-18T15:58:54.495Z", "user": 1, "content_type": 11, "object_id": "9", "object_repr": "Communication.", "action_flag": 1, "change_message": "[{\"added\": {}}]"}}, {"model": "admin.logentry", "pk": 85, "fields": {"action_time": "2023-08-18T15:59:05.449Z", "user": 1, "content_type": 11, "object_id": "10", "object_repr": "Customer Relationship Management (CRM).", "action_flag": 1, "change_message": "[{\"added\": {}}]"}}, {"model": "admin.logentry", "pk": 86, "fields": {"action_time": "2023-08-18T15:59:12.809Z", "user": 1, "content_type": 11, "object_id": "11", "object_repr": "Email Marketing.", "action_flag": 1, "change_message": "[{\"added\": {}}]"}}, {"model": "admin.logentry", "pk": 87, "fields": {"action_time": "2023-08-18T15:59:20.837Z", "user": 1, "content_type": 11, "object_id": "12", "object_repr": "Search Engine Optimization (SEO).", "action_flag": 1, "change_message": "[{\"added\": {}}]"}}, {"model": "admin.logentry", "pk": 88, "fields": {"action_time": "2023-08-18T15:59:29.547Z", "user": 1, "content_type": 11, "object_id": "13", "object_repr": "Social Media Marketing.", "action_flag": 1, "change_message": "[{\"added\": {}}]"}}, {"model": "admin.logentry", "pk": 89, "fields": {"action_time": "2023-08-18T16:00:03.313Z", "user": 1, "content_type": 15, "object_id": "2", "object_repr": "THE FUNDAMENTALS OF DIGITAL MARKETING", "action_flag": 1, "change_message": "[{\"added\": {}}]"}}, {"model": "admin.logentry", "pk": 90, "fields": {"action_time": "2023-08-18T16:00:38.233Z", "user": 1, "content_type": 11, "object_id": "14", "object_repr": "Hypertext Markup Language (HTML).", "action_flag": 1, "change_message": "[{\"added\": {}}]"}}, {"model": "admin.logentry", "pk": 91, "fields": {"action_time": "2023-08-18T16:00:54.379Z", "user": 1, "content_type": 11, "object_id": "15", "object_repr": "Cascading Style Sheets (CSS).", "action_flag": 1, "change_message": "[{\"added\": {}}]"}}, {"model": "admin.logentry", "pk": 92, "fields": {"action_time": "2023-08-18T16:02:18.118Z", "user": 1, "content_type": 11, "object_id": "16", "object_repr": "Bootstraps (B3, B4, B5).", "action_flag": 1, "change_message": "[{\"added\": {}}]"}}, {"model": "admin.logentry", "pk": 93, "fields": {"action_time": "2023-08-18T16:02:27.225Z", "user": 1, "content_type": 11, "object_id": "17", "object_repr": "Django Python (framework).", "action_flag": 1, "change_message": "[{\"added\": {}}]"}}, {"model": "admin.logentry", "pk": 94, "fields": {"action_time": "2023-08-18T16:02:34.996Z", "user": 1, "content_type": 11, "object_id": "18", "object_repr": "Python Programming Language.", "action_flag": 1, "change_message": "[{\"added\": {}}]"}}, {"model": "admin.logentry", "pk": 95, "fields": {"action_time": "2023-08-18T16:05:32.995Z", "user": 1, "content_type": 15, "object_id": "3", "object_repr": "WEB DEVELOPMENT", "action_flag": 1, "change_message": "[{\"added\": {}}]"}}, {"model": "admin.logentry", "pk": 96, "fields": {"action_time": "2023-08-18T16:06:04.159Z", "user": 1, "content_type": 11, "object_id": "19", "object_repr": "Data Entries.", "action_flag": 1, "change_message": "[{\"added\": {}}]"}}, {"model": "admin.logentry", "pk": 97, "fields": {"action_time": "2023-08-18T16:06:14.590Z", "user": 1, "content_type": 11, "object_id": "20", "object_repr": "Data Analytics.", "action_flag": 1, "change_message": "[{\"added\": {}}]"}}, {"model": "admin.logentry", "pk": 98, "fields": {"action_time": "2023-08-18T16:06:33.156Z", "user": 1, "content_type": 11, "object_id": "21", "object_repr": "Advanced Excel for Analytics.", "action_flag": 1, "change_message": "[{\"added\": {}}]"}}, {"model": "admin.logentry", "pk": 99, "fields": {"action_time": "2023-08-18T16:06:58.883Z", "user": 1, "content_type": 11, "object_id": "22", "object_repr": "Microsoft Office / Google Suite.", "action_flag": 1, "change_message": "[{\"added\": {}}]"}}, {"model": "admin.logentry", "pk": 100, "fields": {"action_time": "2023-08-18T16:08:27.478Z", "user": 1, "content_type": 15, "object_id": "4", "object_repr": "ADVANCED EXCEL MASTERCLASS FOR PROFESSIONALS", "action_flag": 1, "change_message": "[{\"added\": {}}]"}}, {"model": "admin.logentry", "pk": 101, "fields": {"action_time": "2023-08-18T16:11:49.815Z", "user": 1, "content_type": 7, "object_id": "1", "object_repr": "busayo portfolio", "action_flag": 1, "change_message": "[{\"added\": {}}]"}}, {"model": "admin.logentry", "pk": 102, "fields": {"action_time": "2023-08-18T16:12:09.062Z", "user": 1, "content_type": 7, "object_id": "2", "object_repr": "meet-up", "action_flag": 1, "change_message": "[{\"added\": {}}]"}}, {"model": "admin.logentry", "pk": 103, "fields": {"action_time": "2023-08-18T16:13:46.446Z", "user": 1, "content_type": 7, "object_id": "3", "object_repr": "rjcloset", "action_flag": 1, "change_message": "[{\"added\": {}}]"}}, {"model": "admin.logentry", "pk": 104, "fields": {"action_time": "2023-08-19T10:12:47.645Z", "user": 1, "content_type": 8, "object_id": "1", "object_repr": "rj", "action_flag": 1, "change_message": "[{\"added\": {}}]"}}, {"model": "admin.logentry", "pk": 105, "fields": {"action_time": "2023-08-19T10:13:07.833Z", "user": 1, "content_type": 8, "object_id": "2", "object_repr": "rj1", "action_flag": 1, "change_message": "[{\"added\": {}}]"}}, {"model": "admin.logentry", "pk": 106, "fields": {"action_time": "2023-08-19T10:13:32.997Z", "user": 1, "content_type": 8, "object_id": "3", "object_repr": "rj2", "action_flag": 1, "change_message": "[{\"added\": {}}]"}}, {"model": "admin.logentry", "pk": 107, "fields": {"action_time": "2023-08-19T10:13:58.055Z", "user": 1, "content_type": 8, "object_id": "4", "object_repr": "rj3", "action_flag": 1, "change_message": "[{\"added\": {}}]"}}, {"model": "admin.logentry", "pk": 108, "fields": {"action_time": "2023-08-19T10:14:37.682Z", "user": 1, "content_type": 8, "object_id": "5", "object_repr": "bf1", "action_flag": 1, "change_message": "[{\"added\": {}}]"}}, {"model": "admin.logentry", "pk": 109, "fields": {"action_time": "2023-08-19T10:14:56.954Z", "user": 1, "content_type": 8, "object_id": "6", "object_repr": "bf2", "action_flag": 1, "change_message": "[{\"added\": {}}]"}}, {"model": "admin.logentry", "pk": 110, "fields": {"action_time": "2023-08-19T10:15:14.309Z", "user": 1, "content_type": 8, "object_id": "7", "object_repr": "bf3", "action_flag": 1, "change_message": "[{\"added\": {}}]"}}, {"model": "admin.logentry", "pk": 111, "fields": {"action_time": "2023-08-19T10:15:35.171Z", "user": 1, "content_type": 8, "object_id": "8", "object_repr": "bf4", "action_flag": 1, "change_message": "[{\"added\": {}}]"}}, {"model": "admin.logentry", "pk": 112, "fields": {"action_time": "2023-08-19T10:15:52.359Z", "user": 1, "content_type": 8, "object_id": "9", "object_repr": "bf5", "action_flag": 1, "change_message": "[{\"added\": {}}]"}}, {"model": "admin.logentry", "pk": 113, "fields": {"action_time": "2023-08-19T10:16:25.426Z", "user": 1, "content_type": 8, "object_id": "10", "object_repr": "bf5", "action_flag": 1, "change_message": "[{\"added\": {}}]"}}, {"model": "admin.logentry", "pk": 114, "fields": {"action_time": "2023-08-19T10:18:22.474Z", "user": 1, "content_type": 8, "object_id": "11", "object_repr": "mu1", "action_flag": 1, "change_message": "[{\"added\": {}}]"}}, {"model": "admin.logentry", "pk": 115, "fields": {"action_time": "2023-08-19T10:18:41.926Z", "user": 1, "content_type": 8, "object_id": "12", "object_repr": "mu2", "action_flag": 1, "change_message": "[{\"added\": {}}]"}}, {"model": "admin.logentry", "pk": 116, "fields": {"action_time": "2023-08-19T10:25:56.036Z", "user": 1, "content_type": 8, "object_id": "13", "object_repr": "mu3", "action_flag": 1, "change_message": "[{\"added\": {}}]"}}, {"model": "admin.logentry", "pk": 117, "fields": {"action_time": "2023-08-19T10:26:25.453Z", "user": 1, "content_type": 8, "object_id": "14", "object_repr": "mu4", "action_flag": 1, "change_message": "[{\"added\": {}}]"}}, {"model": "admin.logentry", "pk": 118, "fields": {"action_time": "2023-08-19T10:26:28.957Z", "user": 1, "content_type": 8, "object_id": "15", "object_repr": "mu4", "action_flag": 1, "change_message": "[{\"added\": {}}]"}}, {"model": "admin.logentry", "pk": 119, "fields": {"action_time": "2023-08-19T10:26:43.707Z", "user": 1, "content_type": 8, "object_id": "15", "object_repr": "mu4", "action_flag": 3, "change_message": ""}}, {"model": "admin.logentry", "pk": 120, "fields": {"action_time": "2023-08-19T11:17:10.108Z", "user": 1, "content_type": 14, "object_id": "2", "object_repr": "MY PORTFOLIO", "action_flag": 1, "change_message": "[{\"added\": {}}]"}}, {"model": "admin.logentry", "pk": 121, "fields": {"action_time": "2023-08-19T11:17:43.129Z", "user": 1, "content_type": 14, "object_id": "2", "object_repr": "MY PORTFOLIO", "action_flag": 2, "change_message": "[{\"changed\": {\"fields\": [\"Categoryweb\"]}}]"}}, {"model": "auth.permission", "pk": 1, "fields": {"name": "Can add log entry", "content_type": 1, "codename": "add_logentry"}}, {"model": "auth.permission", "pk": 2, "fields": {"name": "Can change log entry", "content_type": 1, "codename": "change_logentry"}}, {"model": "auth.permission", "pk": 3, "fields": {"name": "Can delete log entry", "content_type": 1, "codename": "delete_logentry"}}, {"model": "auth.permission", "pk": 4, "fields": {"name": "Can view log entry", "content_type": 1, "codename": "view_logentry"}}, {"model": "auth.permission", "pk": 5, "fields": {"name": "Can add permission", "content_type": 2, "codename": "add_permission"}}, {"model": "auth.permission", "pk": 6, "fields": {"name": "Can change permission", "content_type": 2, "codename": "change_permission"}}, {"model": "auth.permission", "pk": 7, "fields": {"name": "Can delete permission", "content_type": 2, "codename": "delete_permission"}}, {"model": "auth.permission", "pk": 8, "fields": {"name": "Can view permission", "content_type": 2, "codename": "view_permission"}}, {"model": "auth.permission", "pk": 9, "fields": {"name": "Can add group", "content_type": 3, "codename": "add_group"}}, {"model": "auth.permission", "pk": 10, "fields": {"name": "Can change group", "content_type": 3, "codename": "change_group"}}, {"model": "auth.permission", "pk": 11, "fields": {"name": "Can delete group", "content_type": 3, "codename": "delete_group"}}, {"model": "auth.permission", "pk": 12, "fields": {"name": "Can view group", "content_type": 3, "codename": "view_group"}}, {"model": "auth.permission", "pk": 13, "fields": {"name": "Can add user", "content_type": 4, "codename": "add_user"}}, {"model": "auth.permission", "pk": 14, "fields": {"name": "Can change user", "content_type": 4, "codename": "change_user"}}, {"model": "auth.permission", "pk": 15, "fields": {"name": "Can delete user", "content_type": 4, "codename": "delete_user"}}, {"model": "auth.permission", "pk": 16, "fields": {"name": "Can view user", "content_type": 4, "codename": "view_user"}}, {"model": "auth.permission", "pk": 17, "fields": {"name": "Can add content type", "content_type": 5, "codename": "add_contenttype"}}, {"model": "auth.permission", "pk": 18, "fields": {"name": "Can change content type", "content_type": 5, "codename": "change_contenttype"}}, {"model": "auth.permission", "pk": 19, "fields": {"name": "Can delete content type", "content_type": 5, "codename": "delete_contenttype"}}, {"model": "auth.permission", "pk": 20, "fields": {"name": "Can view content type", "content_type": 5, "codename": "view_contenttype"}}, {"model": "auth.permission", "pk": 21, "fields": {"name": "Can add session", "content_type": 6, "codename": "add_session"}}, {"model": "auth.permission", "pk": 22, "fields": {"name": "Can change session", "content_type": 6, "codename": "change_session"}}, {"model": "auth.permission", "pk": 23, "fields": {"name": "Can delete session", "content_type": 6, "codename": "delete_session"}}, {"model": "auth.permission", "pk": 24, "fields": {"name": "Can view session", "content_type": 6, "codename": "view_session"}}, {"model": "auth.permission", "pk": 25, "fields": {"name": "Can add identifier", "content_type": 7, "codename": "add_identifier"}}, {"model": "auth.permission", "pk": 26, "fields": {"name": "Can change identifier", "content_type": 7, "codename": "change_identifier"}}, {"model": "auth.permission", "pk": 27, "fields": {"name": "Can delete identifier", "content_type": 7, "codename": "delete_identifier"}}, {"model": "auth.permission", "pk": 28, "fields": {"name": "Can view identifier", "content_type": 7, "codename": "view_identifier"}}, {"model": "auth.permission", "pk": 29, "fields": {"name": "Can add more_image", "content_type": 8, "codename": "add_more_image"}}, {"model": "auth.permission", "pk": 30, "fields": {"name": "Can change more_image", "content_type": 8, "codename": "change_more_image"}}, {"model": "auth.permission", "pk": 31, "fields": {"name": "Can delete more_image", "content_type": 8, "codename": "delete_more_image"}}, {"model": "auth.permission", "pk": 32, "fields": {"name": "Can view more_image", "content_type": 8, "codename": "view_more_image"}}, {"model": "auth.permission", "pk": 33, "fields": {"name": "Can add qualification", "content_type": 9, "codename": "add_qualification"}}, {"model": "auth.permission", "pk": 34, "fields": {"name": "Can change qualification", "content_type": 9, "codename": "change_qualification"}}, {"model": "auth.permission", "pk": 35, "fields": {"name": "Can delete qualification", "content_type": 9, "codename": "delete_qualification"}}, {"model": "auth.permission", "pk": 36, "fields": {"name": "Can view qualification", "content_type": 9, "codename": "view_qualification"}}, {"model": "auth.permission", "pk": 37, "fields": {"name": "Can add responsibility", "content_type": 10, "codename": "add_responsibility"}}, {"model": "auth.permission", "pk": 38, "fields": {"name": "Can change responsibility", "content_type": 10, "codename": "change_responsibility"}}, {"model": "auth.permission", "pk": 39, "fields": {"name": "Can delete responsibility", "content_type": 10, "codename": "delete_responsibility"}}, {"model": "auth.permission", "pk": 40, "fields": {"name": "Can view responsibility", "content_type": 10, "codename": "view_responsibility"}}, {"model": "auth.permission", "pk": 41, "fields": {"name": "Can add skill", "content_type": 11, "codename": "add_skill"}}, {"model": "auth.permission", "pk": 42, "fields": {"name": "Can change skill", "content_type": 11, "codename": "change_skill"}}, {"model": "auth.permission", "pk": 43, "fields": {"name": "Can delete skill", "content_type": 11, "codename": "delete_skill"}}, {"model": "auth.permission", "pk": 44, "fields": {"name": "Can view skill", "content_type": 11, "codename": "view_skill"}}, {"model": "auth.permission", "pk": 45, "fields": {"name": "Can add testimonial", "content_type": 12, "codename": "add_testimonial"}}, {"model": "auth.permission", "pk": 46, "fields": {"name": "Can change testimonial", "content_type": 12, "codename": "change_testimonial"}}, {"model": "auth.permission", "pk": 47, "fields": {"name": "Can delete testimonial", "content_type": 12, "codename": "delete_testimonial"}}, {"model": "auth.permission", "pk": 48, "fields": {"name": "Can view testimonial", "content_type": 12, "codename": "view_testimonial"}}, {"model": "auth.permission", "pk": 49, "fields": {"name": "Can add visitor message", "content_type": 13, "codename": "add_visitormessage"}}, {"model": "auth.permission", "pk": 50, "fields": {"name": "Can change visitor message", "content_type": 13, "codename": "change_visitormessage"}}, {"model": "auth.permission", "pk": 51, "fields": {"name": "Can delete visitor message", "content_type": 13, "codename": "delete_visitormessage"}}, {"model": "auth.permission", "pk": 52, "fields": {"name": "Can view visitor message", "content_type": 13, "codename": "view_visitormessage"}}, {"model": "auth.permission", "pk": 53, "fields": {"name": "Can add project", "content_type": 14, "codename": "add_project"}}, {"model": "auth.permission", "pk": 54, "fields": {"name": "Can change project", "content_type": 14, "codename": "change_project"}}, {"model": "auth.permission", "pk": 55, "fields": {"name": "Can delete project", "content_type": 14, "codename": "delete_project"}}, {"model": "auth.permission", "pk": 56, "fields": {"name": "Can view project", "content_type": 14, "codename": "view_project"}}, {"model": "auth.permission", "pk": 57, "fields": {"name": "Can add professional_course", "content_type": 15, "codename": "add_professional_course"}}, {"model": "auth.permission", "pk": 58, "fields": {"name": "Can change professional_course", "content_type": 15, "codename": "change_professional_course"}}, {"model": "auth.permission", "pk": 59, "fields": {"name": "Can delete professional_course", "content_type": 15, "codename": "delete_professional_course"}}, {"model": "auth.permission", "pk": 60, "fields": {"name": "Can view professional_course", "content_type": 15, "codename": "view_professional_course"}}, {"model": "auth.permission", "pk": 61, "fields": {"name": "Can add employment", "content_type": 16, "codename": "add_employment"}}, {"model": "auth.permission", "pk": 62, "fields": {"name": "Can change employment", "content_type": 16, "codename": "change_employment"}}, {"model": "auth.permission", "pk": 63, "fields": {"name": "Can delete employment", "content_type": 16, "codename": "delete_employment"}}, {"model": "auth.permission", "pk": 64, "fields": {"name": "Can view employment", "content_type": 16, "codename": "view_employment"}}, {"model": "auth.user", "pk": 1, "fields": {"password": "pbkdf2_sha256$600000$9YY4AKI6P3ADPqwGHsQV5m$Gt3Im+cvcBWDMtFZQ+a54sQy9KfkzQ2h/WvgagG7SGM=", "last_login": "2023-08-18T14:08:00.298Z", "is_superuser": true, "username": "busayofolio", "first_name": "", "last_name": "", "email": "daniel-lubod@outlook.com", "is_staff": true, "is_active": true, "date_joined": "2023-08-16T13:49:54.518Z", "groups": [], "user_permissions": []}}, {"model": "contenttypes.contenttype", "pk": 1, "fields": {"app_label": "admin", "model": "logentry"}}, {"model": "contenttypes.contenttype", "pk": 2, "fields": {"app_label": "auth", "model": "permission"}}, {"model": "contenttypes.contenttype", "pk": 3, "fields": {"app_label": "auth", "model": "group"}}, {"model": "contenttypes.contenttype", "pk": 4, "fields": {"app_label": "auth", "model": "user"}}, {"model": "contenttypes.contenttype", "pk": 5, "fields": {"app_label": "contenttypes", "model": "contenttype"}}, {"model": "contenttypes.contenttype", "pk": 6, "fields": {"app_label": "sessions", "model": "session"}}, {"model": "contenttypes.contenttype", "pk": 7, "fields": {"app_label": "folioappp", "model": "identifier"}}, {"model": "contenttypes.contenttype", "pk": 8, "fields": {"app_label": "folioappp", "model": "more_image"}}, {"model": "contenttypes.contenttype", "pk": 9, "fields": {"app_label": "folioappp", "model": "qualification"}}, {"model": "contenttypes.contenttype", "pk": 10, "fields": {"app_label": "folioappp", "model": "responsibility"}}, {"model": "contenttypes.contenttype", "pk": 11, "fields": {"app_label": "folioappp", "model": "skill"}}, {"model": "contenttypes.contenttype", "pk": 12, "fields": {"app_label": "folioappp", "model": "testimonial"}}, {"model": "contenttypes.contenttype", "pk": 13, "fields": {"app_label": "folioappp", "model": "visitormessage"}}, {"model": "contenttypes.contenttype", "pk": 14, "fields": {"app_label": "folioappp", "model": "project"}}, {"model": "contenttypes.contenttype", "pk": 15, "fields": {"app_label": "folioappp", "model": "professional_course"}}, {"model": "contenttypes.contenttype", "pk": 16, "fields": {"app_label": "folioappp", "model": "employment"}}, {"model": "sessions.session", "pk": "7h7qas4mnu86ql96128im68o6nuw41lk", "fields": {"session_data": ".eJxVjEEOwiAQRe_C2hABYdCle89AhpmpVA1NSrsy3l2adKHb997_b5VwXUpam8xpZHVRRh1-WUZ6St0EP7DeJ01TXeYx6y3Ru236NrG8rnv7d1Cwlb72hANKZOsCGCLPwBwzBUQXs0Erp3P0MkAXQMYf0YnrkMF5CyE69fkCDk84Og:1qWGwy:tg_sxZwo0qVYKqPiMgkbpc0mMupzdHEa6qYauSKfXqw", "expire_date": "2023-08-30T13:52:40.072Z"}}, {"model": "sessions.session", "pk": "odsnisluv0fhli30jgff4ujmbg2t8nq0", "fields": {"session_data": ".eJxVjEEOwiAQRe_C2hABYdCle89AhpmpVA1NSrsy3l2adKHb997_b5VwXUpam8xpZHVRRh1-WUZ6St0EP7DeJ01TXeYx6y3Ru236NrG8rnv7d1Cwlb72hANKZOsCGCLPwBwzBUQXs0Erp3P0MkAXQMYf0YnrkMF5CyE69fkCDk84Og:1qX08u:20yMxTOSWk4ysjJSbPFtjNE4qig0jNRBD3KDnRSJFAg", "expire_date": "2023-09-01T14:08:00.527Z"}}, {"model": "folioappp.identifier", "pk": 1, "fields": {"name": "busayo portfolio"}}, {"model": "folioappp.identifier", "pk": 2, "fields": {"name": "meet-up"}}, {"model": "folioappp.identifier", "pk": 3, "fields": {"name": "rjcloset"}}, {"model": "folioappp.more_image", "pk": 1, "fields": {"title": "rj", "picture": "images/rjcloset_1_y4EeKYF.jpeg", "identifier": 3}}, {"model": "folioappp.more_image", "pk": 2, "fields": {"title": "rj1", "picture": "images/rjcloset_2_6sFiRCv.jpeg", "identifier": 3}}, {"model": "folioappp.more_image", "pk": 3, "fields": {"title": "rj2", "picture": "images/rjcloset_3_2BY8Bw3.jpeg", "identifier": 3}}, {"model": "folioappp.more_image", "pk": 4, "fields": {"title": "rj3", "picture": "images/rjcloset_4_gw8KxH5.jpeg", "identifier": 3}}, {"model": "folioappp.more_image", "pk": 5, "fields": {"title": "bf1", "picture": "images/portfolio1_kEs13ao.jpg", "identifier": 1}}, {"model": "folioappp.more_image", "pk": 6, "fields": {"title": "bf2", "picture": "images/portfolio2_UXMqrak.jpg", "identifier": 1}}, {"model": "folioappp.more_image", "pk": 7, "fields": {"title": "bf3", "picture": "images/portfolio3_7AyR6Zo.jpg", "identifier": 1}}, {"model": "folioappp.more_image", "pk": 8, "fields": {"title": "bf4", "picture": "images/portfolio4_uCGDyMO.jpg", "identifier": 1}}, {"model": "folioappp.more_image", "pk": 9, "fields": {"title": "bf5", "picture": "images/portfolio5_5oidXV2.jpg", "identifier": 1}}, {"model": "folioappp.more_image", "pk": 10, "fields": {"title": "bf5", "picture": "images/portfolio5_nTKoFzR.jpg", "identifier": 1}}, {"model": "folioappp.more_image", "pk": 11, "fields": {"title": "mu1", "picture": "images/meetup1_eIexJEq.jpg", "identifier": 2}}, {"model": "folioappp.more_image", "pk": 12, "fields": {"title": "mu2", "picture": "images/meetup2_PlkafMY.jpg", "identifier": 2}}, {"model": "folioappp.more_image", "pk": 13, "fields": {"title": "mu3", "picture": "images/meetup3_5PbWX6v.jpg", "identifier": 2}}, {"model": "folioappp.more_image", "pk": 14, "fields": {"title": "mu4", "picture": "images/meetup4_no81pbn.jpg", "identifier": 2}}, {"model": "folioappp.project", "pk": 2, "fields": {"title": "MY PORTFOLIO", "description": "This is a portfolio website application, this project embodies my passion for combining captivating designs with seamless functionality to create portfolio for myself.\r\nIn this endeavor, I conceptualized, designed, and developed a folio platform showcasing my skills, resumes, projects and hobbies.", "identifier": 1, "technology": "HTML, CSS, Bootstraps, JS & DJANGO", "categoryapp": "Web app", "categoryweb": null, "url": "https://busayofolio.onrender.com/", "image": "images/portfolio3_eZvPR8g.jpg", "pictures": [5, 6, 7, 8, 9]}}, {"model": "folioappp.responsibility", "pk": 1, "fields": {"duty": "Auditing Financial Statements of Companies."}}, {"model": "folioappp.responsibility", "pk": 2, "fields": {"duty": "Computation of Company Income Tax, Education Tax, and VAT."}}, {"model": "folioappp.responsibility", "pk": 3, "fields": {"duty": "Registering of Companies with CAC."}}, {"model": "folioappp.responsibility", "pk": 4, "fields": {"duty": "Communicated audit results to upper Management through written reports and oral presentations."}}, {"model": "folioappp.responsibility", "pk": 5, "fields": {"duty": "Perform other duties as assigned by the Managing Partner."}}, {"model": "folioappp.responsibility", "pk": 7, "fields": {"duty": "Prepared Financial Reports of the Company."}}, {"model": "folioappp.responsibility", "pk": 8, "fields": {"duty": "Reconciliation of Accounts."}}, {"model": "folioappp.responsibility", "pk": 9, "fields": {"duty": "Monitoring the Operation Activities of the Company."}}, {"model": "folioappp.responsibility", "pk": 10, "fields": {"duty": "Analyzing and reviewing cost reports and communicating the final results to the management."}}, {"model": "folioappp.responsibility", "pk": 11, "fields": {"duty": "Create periodic reports comparing budgeted costs to actual costs."}}, {"model": "folioappp.responsibility", "pk": 12, "fields": {"duty": "Maintain the integrity of the general ledger, including the account chart."}}, {"model": "folioappp.responsibility", "pk": 13, "fields": {"duty": "Performs other duties as assigned by the Managing Director."}}, {"model": "folioappp.responsibility", "pk": 14, "fields": {"duty": "Prepared Financial Reports for the Company."}}, {"model": "folioappp.responsibility", "pk": 15, "fields": {"duty": "Analyze cost reports and communicate the results to the management."}}, {"model": "folioappp.responsibility", "pk": 16, "fields": {"duty": "Monitor the Operation Activities of the Company."}}, {"model": "folioappp.responsibility", "pk": 17, "fields": {"duty": "Prepared weekly, monthly, and yearly budgets alongside the management team."}}, {"model": "folioappp.responsibility", "pk": 18, "fields": {"duty": "Bank reconciliation (daily)."}}, {"model": "folioappp.responsibility", "pk": 19, "fields": {"duty": "Debt Management and recovery."}}, {"model": "folioappp.responsibility", "pk": 20, "fields": {"duty": "Disbursement of cash for goods purchase."}}, {"model": "folioappp.responsibility", "pk": 21, "fields": {"duty": "Bookkeeping."}}, {"model": "folioappp.responsibility", "pk": 23, "fields": {"duty": "In-charge of price analysis and review."}}, {"model": "folioappp.responsibility", "pk": 24, "fields": {"duty": "Created weekly, monthly, and yearly reports comparing budgeted costs to actual costs."}}, {"model": "folioappp.responsibility", "pk": 25, "fields": {"duty": "Periodic stock taking with the storekeeper."}}, {"model": "folioappp.responsibility", "pk": 26, "fields": {"duty": "Filed VAT and PAYE with FIRS and FCT IRS respectively."}}, {"model": "folioappp.responsibility", "pk": 27, "fields": {"duty": "Advised management based on reports (expenditures, sales etc) on strategies and decision-making in every meeting."}}, {"model": "folioappp.responsibility", "pk": 28, "fields": {"duty": "Performs other duties as assigned by the Managing Director."}}, {"model": "folioappp.responsibility", "pk": 29, "fields": {"duty": "Prepare Financial Reports for the group with the team."}}, {"model": "folioappp.responsibility", "pk": 30, "fields": {"duty": "Member of the debt management team."}}, {"model": "folioappp.responsibility", "pk": 31, "fields": {"duty": "Monitor the Operation Activities of the Company."}}, {"model": "folioappp.responsibility", "pk": 32, "fields": {"duty": "Daily sales monitor of all retail and wholesale  outlets."}}, {"model": "folioappp.responsibility", "pk": 33, "fields": {"duty": "Bank reconciliations (daily, monthly and quarterly)"}}, {"model": "folioappp.responsibility", "pk": 34, "fields": {"duty": "Expenditures tracking and monitoring for all outlets.."}}, {"model": "folioappp.responsibility", "pk": 35, "fields": {"duty": "Performs other duties as assigned by the Team head or Managing Director."}}, {"model": "folioappp.responsibility", "pk": 36, "fields": {"duty": "Analyze data for clients using SPSS and Microsoft Excel."}}, {"model": "folioappp.responsibility", "pk": 37, "fields": {"duty": "Worked on a few personal projects using SPSS and Microsoft Excel."}}, {"model": "folioappp.responsibility", "pk": 38, "fields": {"duty": "Data Entry."}}, {"model": "folioappp.responsibility", "pk": 39, "fields": {"duty": "Data Sorting."}}, {"model": "folioappp.responsibility", "pk": 40, "fields": {"duty": "Maintained the company's software app and website."}}, {"model": "folioappp.responsibility", "pk": 41, "fields": {"duty": "Analyzed cost reports and communicate the results to the management."}}, {"model": "folioappp.responsibility", "pk": 42, "fields": {"duty": "Frontend web development using HTML, CSS, Bootstraps."}}, {"model": "folioappp.responsibility", "pk": 43, "fields": {"duty": "Backend web development using python and django."}}, {"model": "folioappp.responsibility", "pk": 44, "fields": {"duty": "Worked on a few personal projects."}}, {"model": "folioappp.responsibility", "pk": 45, "fields": {"duty": "Frontend web development tutor (HTML, CSS, and Bootstraps)."}}, {"model": "folioappp.responsibility", "pk": 46, "fields": {"duty": "Backend web development tutor (python and django)."}}, {"model": "folioappp.responsibility", "pk": 47, "fields": {"duty": "Microsoft office tutor."}}, {"model": "folioappp.responsibility", "pk": 48, "fields": {"duty": "Google suite tutor."}}, {"model": "folioappp.employment", "pk": 1, "fields": {"designation": "AUDIT TRAINEE", "start_date": "8/2014", "end_date": "11/2015", "employer": "AYODELE LAMBO & CO. CHARTERED ACCOUNTANTS", "employer_address": "518, Ikorodu Road, Beside Skye Bank Plc. Ile- Ile Bus Stop, Ketu Lagos.", "responsibility": [1, 2, 3, 4, 5]}}, {"model": "folioappp.employment", "pk": 2, "fields": {"designation": "SENIOR ACCOUNT OFFICER", "start_date": "8/2018", "end_date": "6/2020", "employer": "SUEZ GAS NIGERIA LTD", "employer_address": "20, Alexandra Crescent, Off Aminu Kano Crescent Wuse 2, Abuja.", "responsibility": [7, 8, 9, 10, 11, 12, 13]}}, {"model": "folioappp.employment", "pk": 3, "fields": {"designation": "ACCOUNT AND FINANCE MANAGER", "start_date": "6/2020", "end_date": "2/2023", "employer": "KRISCANE HOTELS", "employer_address": "21, Mamman shatta street, Off 3rd avenue Gwarinpa, Abuja.", "responsibility": [14, 15, 16, 17, 18, 19, 20, 21, 23, 24, 25, 26, 27, 28]}}, {"model": "folioappp.employment", "pk": 4, "fields": {"designation": "SENIOR ACCOUNT OFFICER", "start_date": "3/2023", "end_date": "PRESENT", "employer": "PERFECT TRUST COSMETICS LTD", "employer_address": "Ahmadu Bello Way, Off Aminu Kano Crescent By 1st Forty Hotel, Wuse II, Abuja", "responsibility": [32, 33, 34, 35, 29, 30, 31]}}, {"model": "folioappp.employment", "pk": 5, "fields": {"designation": "DATA ANALYST", "start_date": "2/2020", "end_date": "PRESENT", "employer": "FREELANCE", "employer_address": "Nil", "responsibility": [36, 37, 38, 39]}}, {"model": "folioappp.employment", "pk": 6, "fields": {"designation": "MAINTENANCE OFFICER", "start_date": "3/2022", "end_date": "2/2023", "employer": "KRISCANE HOTELS", "employer_address": "21, Mamman shatta street, Off 3rd avenue Gwarinpa, Abuja.", "responsibility": [40, 5]}}, {"model": "folioappp.employment", "pk": 7, "fields": {"designation": "WEB DEVELOPER", "start_date": "6/2022", "end_date": "PRESENT", "employer": "FREELANCE", "employer_address": "Nil", "responsibility": [42, 43, 44]}}, {"model": "folioappp.employment", "pk": 8, "fields": {"designation": "TUTOR", "start_date": "8/2022", "end_date": "PRESENT", "employer": "FREELANCE", "employer_address": "Nil", "responsibility": [48, 45, 46, 47]}}, {"model": "folioappp.qualification", "pk": 1, "fields": {"bag": "NATIONAL DIPLOMA IN ACCOUNTING", "year": "2012  2014", "institution": "Kwara State Polytechnic, Ilorin, Nigeria.", "about": "Bagged National Diploma in Accounting where I took a leadership role as Academic Director 3 for Accounting department."}}, {"model": "folioappp.qualification", "pk": 2, "fields": {"bag": "HIGHER NATIONAL DIPLOMA IN ACCOUNTING", "year": "2015  2017", "institution": "Niger State Polytechnic, Niger, Nigeria.", "about": "Bagged Higher National Diploma in Accounting where I won awards like: Best student in Accounting 2016, Academic Director Accountancy and Student Representative Award."}}, {"model": "folioappp.skill", "pk": 1, "fields": {"skill_acquired": "Financial Analytics."}}, {"model": "folioappp.skill", "pk": 2, "fields": {"skill_acquired": "Accounting Knowledge and Expertise"}}, {"model": "folioappp.skill", "pk": 3, "fields": {"skill_acquired": "Auditing and Assurance"}}, {"model": "folioappp.skill", "pk": 4, "fields": {"skill_acquired": "Financial Management"}}, {"model": "folioappp.skill", "pk": 5, "fields": {"skill_acquired": "Taxation"}}, {"model": "folioappp.skill", "pk": 6, "fields": {"skill_acquired": "Business Ethics and Professionalism"}}, {"model": "folioappp.skill", "pk": 7, "fields": {"skill_acquired": "Information Technology"}}, {"model": "folioappp.skill", "pk": 8, "fields": {"skill_acquired": "Leadership and Management"}}, {"model": "folioappp.skill", "pk": 9, "fields": {"skill_acquired": "Communication."}}, {"model": "folioappp.skill", "pk": 10, "fields": {"skill_acquired": "Customer Relationship Management (CRM)."}}, {"model": "folioappp.skill", "pk": 11, "fields": {"skill_acquired": "Email Marketing."}}, {"model": "folioappp.skill", "pk": 12, "fields": {"skill_acquired": "Search Engine Optimization (SEO)."}}, {"model": "folioappp.skill", "pk": 13, "fields": {"skill_acquired": "Social Media Marketing."}}, {"model": "folioappp.skill", "pk": 14, "fields": {"skill_acquired": "Hypertext Markup Language (HTML)."}}, {"model": "folioappp.skill", "pk": 15, "fields": {"skill_acquired": "Cascading Style Sheets (CSS)."}}, {"model": "folioappp.skill", "pk": 16, "fields": {"skill_acquired": "Bootstraps (B3, B4, B5)."}}, {"model": "folioappp.skill", "pk": 17, "fields": {"skill_acquired": "Django Python (framework)."}}, {"model": "folioappp.skill", "pk": 18, "fields": {"skill_acquired": "Python Programming Language."}}, {"model": "folioappp.skill", "pk": 19, "fields": {"skill_acquired": "Data Entries."}}, {"model": "folioappp.skill", "pk": 20, "fields": {"skill_acquired": "Data Analytics."}}, {"model": "folioappp.skill", "pk": 21, "fields": {"skill_acquired": "Advanced Excel for Analytics."}}, {"model": "folioappp.skill", "pk": 22, "fields": {"skill_acquired": "Microsoft Office / Google Suite."}}, {"model": "folioappp.professional_course", "pk": 1, "fields": {"bag": "ACA IN VIEW", "year": null, "institution": "The Institute of Chartered Accountants of Nigeria (ICAN).", "skill": [1, 2, 3, 4, 5, 6, 7, 8]}}, {"model": "folioappp.professional_course", "pk": 2, "fields": {"bag": "THE FUNDAMENTALS OF DIGITAL MARKETING", "year": "2020", "institution": "The Open University", "skill": [9, 10, 11, 12, 13]}}, {"model": "folioappp.professional_course", "pk": 3, "fields": {"bag": "WEB DEVELOPMENT", "year": "2022", "institution": "Mao-cular Tech Expert School, Abuja, Nigeria.", "skill": [14, 15, 16, 17, 18]}}, {"model": "folioappp.professional_course", "pk": 4, "fields": {"bag": "ADVANCED EXCEL MASTERCLASS FOR PROFESSIONALS", "year": "2023", "institution": "Gimel School Nigeria.", "skill": [19, 20, 21, 22]}}]